{
  "feature_order": [
    "R",
    "S",
    "T",
    "U",
    "V",
    "W"
  ],
  "brix": {
    "intercept": 7.718661583225821,
    "coefficients": [
      2.1988730718285647,
      2.2053109387071674,
      2.2053109387071665,
      -2.268967589449321,
      2.1773123385725563,
      2.2111461196753135
    ]
  },
  "pol": {
    "intercept": 1.7394745358224597,
    "coefficients": [
      3.117268731919332,
      3.1364306967190996,
      3.1364306967190982,
      -3.257380542701586,
      3.086904916703311,
      3.1354194130718787
    ]
  }
}