{
  "feature_order": [
    "R",
    "S",
    "T",
    "U",
    "V",
    "W"
  ],
  "brix": {
    "intercept": 6.951527478871237,
    "coefficients": [
      -0.09611712137799386,
      -0.02296657687751865,
      0.3015195623218867,
      -0.18611109466309955,
      -0.05010420703360781,
      0.07415874480528968
    ]
  },
  "pol": {
    "intercept": -14.610969282681078,
    "coefficients": [
      -0.0006451500863823755,
      -0.12123269418651915,
      0.32632263966751446,
      -0.2071431499208595,
      -0.13015680935651952,
      0.17531784016786284
    ]
  }
}