{
  "feature_order": [
    "R",
    "S",
    "T",
    "U",
    "V",
    "W"
  ],
  "brix": {
    "intercept": 17.773952952990836,
    "coefficients": [
      0.009273660231682846,
      -0.013442728696795017,
      -0.04636869494577034,
      -0.010190200285461035,
      0.2246735899643135,
      -0.42353197407851045
    ]
  },
  "pol": {
    "intercept": 17.773724394155877,
    "coefficients": [
      0.024894631532140887,
      -0.021115705885003496,
      -0.18508446017054403,
      0.2663599376780666,
      0.10636182318170807,
      -0.8322221052608674
    ]
  }
}