{
    "brix_formula": {
        "intercept": 15.742419778770774,
        "coefficients": {
            "R": 0.0069767031384961485,
            "S": -0.01488018647851385,
            "T": 0.013301487058016963,
            "U": -0.06403372035031844,
            "V": 0.010876751925557255,
            "W": 0.0
        }
    },
    "pol_formula": {
        "intercept": 12.971504748127577,
        "coefficients": {
            "R": 0.010230301578094642,
            "S": -0.024825754388933287,
            "T": 0.0036046238367258,
            "U": -0.0644299687403385,
            "V": 0.020730397894996345,
            "W": 0.0
        }
    }
}